{
  "results": {
    "arc_nl": {
      "acc": 0.3849443969204448,
      "acc_stderr": 0.014237533846641061,
      "acc_norm": 0.3917878528656972,
      "acc_norm_stderr": 0.014283400270889498
    },
    "hellaswag_nl": {
      "acc": 0.49983810037776577,
      "acc_stderr": 0.005194822445943103,
      "acc_norm": 0.6534268753372908,
      "acc_norm_stderr": 0.004944207217450863
    },
    "mmlu_nl": {
      "acc": 0.3918190786977309,
      "acc_stderr": 0.004252725904150038,
      "acc_norm": 0.3267056234347727,
      "acc_norm_stderr": 0.004085911968318599
    }
  },
  "versions": {
    "arc_nl": 0,
    "hellaswag_nl": 1,
    "mmlu_nl": 0
  },
  "config": {
    "model": "hf-causal",
    "model_args": "pretrained=Rijgersberg/GEITje-7B",
    "batch_size": 8,
    "device": "cuda:0",
    "no_cache": false,
    "limit": null,
    "bootstrap_iters": 100000,
    "description_dict": {}
  }
}